"STATION","NAME","DATE","TAVG","TMAX","TMIN"
"USW00023234","SAN FRANCISCO INTERNATIONAL AIRPORT, CA US","2023-01-01","54","63","49"
"USW00023234","SAN FRANCISCO INTERNATIONAL AIRPORT, CA US","2023-01-02","52","53","47"
"USW00023234","SAN FRANCISCO INTERNATIONAL AIRPORT, CA US","2023-01-03","51","55","48"
"USW00023234","SAN FRANCISCO INTERNATIONAL AIRPORT, CA US","2023-01-04","53","62","49"
"USW00023234","SAN FRANCISCO INTERNATIONAL AIRPORT, CA US","2023-01-05","58","60","53"
"USW00023234","SAN FRANCISCO INTERNATIONAL AIRPORT, CA US","2023-01-06","55","62","50"
"USW00023234","SAN FRANCISCO INTERNATIONAL AIRPORT, CA US","2023-01-07","58","62","52"
"USW00023234","SAN FRANCISCO INTERNATIONAL AIRPORT, CA US","2023-01-08","57","63","56"
"USW00023234","SAN FRANCISCO INTERNATIONAL AIRPORT, CA US","2023-01-09","59","62","52"
"USW00023234","SAN FRANCISCO INTERNATIONAL AIRPORT, CA US","2023-01-10","56","59","52"
"USW00023234","SAN FRANCISCO INTERNATIONAL AIRPORT, CA US","2023-01-11","55","60","52"
"USW00023234","SAN FRANCISCO INTERNATIONAL AIRPORT, CA US","2023-01-12","58","69","55"
"USW00023234","SAN FRANCISCO INTERNATIONAL AIRPORT, CA US","2023-01-13","60","63","54"
"USW00023234","SAN FRANCISCO INTERNATIONAL AIRPORT, CA US","2023-01-14","58","60","55"
"USW00023234","SAN FRANCISCO INTERNATIONAL AIRPORT, CA US","2023-01-15","54","56","49"
"USW00023234","SAN FRANCISCO INTERNATIONAL AIRPORT, CA US","2023-01-16","51","56","47"
"USW00023234","SAN FRANCISCO INTERNATIONAL AIRPORT, CA US","2023-01-17","50","58","42"
"USW00023234","SAN FRANCISCO INTERNATIONAL AIRPORT, CA US","2023-01-18","49","56","43"
"USW00023234","SAN FRANCISCO INTERNATIONAL AIRPORT, CA US","2023-01-19","52","55","47"
"USW00023234","SAN FRANCISCO INTERNATIONAL AIRPORT, CA US","2023-01-20","52","55","46"
"USW00023234","SAN FRANCISCO INTERNATIONAL AIRPORT, CA US","2023-01-21","48","57","40"
"USW00023234","SAN FRANCISCO INTERNATIONAL AIRPORT, CA US","2023-01-22","52","60","47"
"USW00023234","SAN FRANCISCO INTERNATIONAL AIRPORT, CA US","2023-01-23","56","63","47"
"USW00023234","SAN FRANCISCO INTERNATIONAL AIRPORT, CA US","2023-01-24","54","64","44"
"USW00023234","SAN FRANCISCO INTERNATIONAL AIRPORT, CA US","2023-01-25","54","69","44"
"USW00023234","SAN FRANCISCO INTERNATIONAL AIRPORT, CA US","2023-01-26","58","68","51"
"USW00023234","SAN FRANCISCO INTERNATIONAL AIRPORT, CA US","2023-01-27","53","58","45"
"USW00023234","SAN FRANCISCO INTERNATIONAL AIRPORT, CA US","2023-01-28","49","57","43"
"USW00023234","SAN FRANCISCO INTERNATIONAL AIRPORT, CA US","2023-01-29","51","53","48"
"USW00023234","SAN FRANCISCO INTERNATIONAL AIRPORT, CA US","2023-01-30","48","55","41"
"USW00023234","SAN FRANCISCO INTERNATIONAL AIRPORT, CA US","2023-01-31","47","60","36"
"USW00023234","SAN FRANCISCO INTERNATIONAL AIRPORT, CA US","2023-02-01","48","57","39"
"USW00023234","SAN FRANCISCO INTERNATIONAL AIRPORT, CA US","2023-02-02","48","62","40"
"USW00023234","SAN FRANCISCO INTERNATIONAL AIRPORT, CA US","2023-02-03","54","58","50"
"USW00023234","SAN FRANCISCO INTERNATIONAL AIRPORT, CA US","2023-02-04","52","60","51"
"USW00023234","SAN FRANCISCO INTERNATIONAL AIRPORT, CA US","2023-02-05","55","57","48"
"USW00023234","SAN FRANCISCO INTERNATIONAL AIRPORT, CA US","2023-02-06","50","59","41"
"USW00023234","SAN FRANCISCO INTERNATIONAL AIRPORT, CA US","2023-02-07","50","61","42"
"USW00023234","SAN FRANCISCO INTERNATIONAL AIRPORT, CA US","2023-02-08","51","63","43"
"USW00023234","SAN FRANCISCO INTERNATIONAL AIRPORT, CA US","2023-02-09","52","64","43"
"USW00023234","SAN FRANCISCO INTERNATIONAL AIRPORT, CA US","2023-02-10","53","58","44"
"USW00023234","SAN FRANCISCO INTERNATIONAL AIRPORT, CA US","2023-02-11","49","56","44"
"USW00023234","SAN FRANCISCO INTERNATIONAL AIRPORT, CA US","2023-02-12","50","64","42"
"USW00023234","SAN FRANCISCO INTERNATIONAL AIRPORT, CA US","2023-02-13","51","60","43"
"USW00023234","SAN FRANCISCO INTERNATIONAL AIRPORT, CA US","2023-02-14","50","53","44"
"USW00023234","SAN FRANCISCO INTERNATIONAL AIRPORT, CA US","2023-02-15","50","59","41"
"USW00023234","SAN FRANCISCO INTERNATIONAL AIRPORT, CA US","2023-02-16","47","58","39"
"USW00023234","SAN FRANCISCO INTERNATIONAL AIRPORT, CA US","2023-02-17","51","62","42"
"USW00023234","SAN FRANCISCO INTERNATIONAL AIRPORT, CA US","2023-02-18","50","60","40"
"USW00023234","SAN FRANCISCO INTERNATIONAL AIRPORT, CA US","2023-02-19","51","66","41"
"USW00023234","SAN FRANCISCO INTERNATIONAL AIRPORT, CA US","2023-02-20","53","67","45"
"USW00023234","SAN FRANCISCO INTERNATIONAL AIRPORT, CA US","2023-02-21","54","56","46"
"USW00023234","SAN FRANCISCO INTERNATIONAL AIRPORT, CA US","2023-02-22","47","51","42"
"USW00023234","SAN FRANCISCO INTERNATIONAL AIRPORT, CA US","2023-02-23","44","51","39"
"USW00023234","SAN FRANCISCO INTERNATIONAL AIRPORT, CA US","2023-02-24","45","51","41"
"USW00023234","SAN FRANCISCO INTERNATIONAL AIRPORT, CA US","2023-02-25","46","52","44"
"USW00023234","SAN FRANCISCO INTERNATIONAL AIRPORT, CA US","2023-02-26","49","53","44"
"USW00023234","SAN FRANCISCO INTERNATIONAL AIRPORT, CA US","2023-02-27","46","52","41"
"USW00023234","SAN FRANCISCO INTERNATIONAL AIRPORT, CA US","2023-02-28","48","56","43"
"USW00023234","SAN FRANCISCO INTERNATIONAL AIRPORT, CA US","2023-03-01","47","55","39"
"USW00023234","SAN FRANCISCO INTERNATIONAL AIRPORT, CA US","2023-03-02","50","57","40"
"USW00023234","SAN FRANCISCO INTERNATIONAL AIRPORT, CA US","2023-03-03","51","58","47"
"USW00023234","SAN FRANCISCO INTERNATIONAL AIRPORT, CA US","2023-03-04","50","53","47"
"USW00023234","SAN FRANCISCO INTERNATIONAL AIRPORT, CA US","2023-03-05","50","54","44"
"USW00023234","SAN FRANCISCO INTERNATIONAL AIRPORT, CA US","2023-03-06","48","55","42"
"USW00023234","SAN FRANCISCO INTERNATIONAL AIRPORT, CA US","2023-03-07","48","55","42"
"USW00023234","SAN FRANCISCO INTERNATIONAL AIRPORT, CA US","2023-03-08","50","56","45"
"USW00023234","SAN FRANCISCO INTERNATIONAL AIRPORT, CA US","2023-03-09","48","58","44"
"USW00023234","SAN FRANCISCO INTERNATIONAL AIRPORT, CA US","2023-03-10","55","60","50"
"USW00023234","SAN FRANCISCO INTERNATIONAL AIRPORT, CA US","2023-03-11","53","63","47"
"USW00023234","SAN FRANCISCO INTERNATIONAL AIRPORT, CA US","2023-03-12","57","59","55"
"USW00023234","SAN FRANCISCO INTERNATIONAL AIRPORT, CA US","2023-03-13","58","66","55"
"USW00023234","SAN FRANCISCO INTERNATIONAL AIRPORT, CA US","2023-03-14","59","64","48"
"USW00023234","SAN FRANCISCO INTERNATIONAL AIRPORT, CA US","2023-03-15","50","59","43"
"USW00023234","SAN FRANCISCO INTERNATIONAL AIRPORT, CA US","2023-03-16","51","60","45"
"USW00023234","SAN FRANCISCO INTERNATIONAL AIRPORT, CA US","2023-03-17","52","64","46"
"USW00023234","SAN FRANCISCO INTERNATIONAL AIRPORT, CA US","2023-03-18","54","64","47"
"USW00023234","SAN FRANCISCO INTERNATIONAL AIRPORT, CA US","2023-03-19","56","59","51"
"USW00023234","SAN FRANCISCO INTERNATIONAL AIRPORT, CA US","2023-03-20","53","57","49"
"USW00023234","SAN FRANCISCO INTERNATIONAL AIRPORT, CA US","2023-03-21","51","56","48"
"USW00023234","SAN FRANCISCO INTERNATIONAL AIRPORT, CA US","2023-03-22","51","58","49"
"USW00023234","SAN FRANCISCO INTERNATIONAL AIRPORT, CA US","2023-03-23","53","57","49"
"USW00023234","SAN FRANCISCO INTERNATIONAL AIRPORT, CA US","2023-03-24","51","57","46"
"USW00023234","SAN FRANCISCO INTERNATIONAL AIRPORT, CA US","2023-03-25","50","58","42"
"USW00023234","SAN FRANCISCO INTERNATIONAL AIRPORT, CA US","2023-03-26","50","58","43"
"USW00023234","SAN FRANCISCO INTERNATIONAL AIRPORT, CA US","2023-03-27","49","62","40"
"USW00023234","SAN FRANCISCO INTERNATIONAL AIRPORT, CA US","2023-03-28","53","55","47"
"USW00023234","SAN FRANCISCO INTERNATIONAL AIRPORT, CA US","2023-03-29","50","53","48"
"USW00023234","SAN FRANCISCO INTERNATIONAL AIRPORT, CA US","2023-03-30","51","58","45"
"USW00023234","SAN FRANCISCO INTERNATIONAL AIRPORT, CA US","2023-03-31","51","59","44"
"USW00023234","SAN FRANCISCO INTERNATIONAL AIRPORT, CA US","2023-04-01","52","62","43"
"USW00023234","SAN FRANCISCO INTERNATIONAL AIRPORT, CA US","2023-04-02","54","58","49"
"USW00023234","SAN FRANCISCO INTERNATIONAL AIRPORT, CA US","2023-04-03","51","55","46"
"USW00023234","SAN FRANCISCO INTERNATIONAL AIRPORT, CA US","2023-04-04","49","58","42"
"USW00023234","SAN FRANCISCO INTERNATIONAL AIRPORT, CA US","2023-04-05","51","59","45"
"USW00023234","SAN FRANCISCO INTERNATIONAL AIRPORT, CA US","2023-04-06","52","61","47"
"USW00023234","SAN FRANCISCO INTERNATIONAL AIRPORT, CA US","2023-04-07","56","61","52"
"USW00023234","SAN FRANCISCO INTERNATIONAL AIRPORT, CA US","2023-04-08","55","66","50"
"USW00023234","SAN FRANCISCO INTERNATIONAL AIRPORT, CA US","2023-04-09","56","71","49"
"USW00023234","SAN FRANCISCO INTERNATIONAL AIRPORT, CA US","2023-04-10","59","68","52"
"USW00023234","SAN FRANCISCO INTERNATIONAL AIRPORT, CA US","2023-04-11","58","62","50"
"USW00023234","SAN FRANCISCO INTERNATIONAL AIRPORT, CA US","2023-04-12","53","59","48"
"USW00023234","SAN FRANCISCO INTERNATIONAL AIRPORT, CA US","2023-04-13","53","62","47"
"USW00023234","SAN FRANCISCO INTERNATIONAL AIRPORT, CA US","2023-04-14","53","59","49"
"USW00023234","SAN FRANCISCO INTERNATIONAL AIRPORT, CA US","2023-04-15","53","59","49"
"USW00023234","SAN FRANCISCO INTERNATIONAL AIRPORT, CA US","2023-04-16","53","60","49"
"USW00023234","SAN FRANCISCO INTERNATIONAL AIRPORT, CA US","2023-04-17","54","59","50"
"USW00023234","SAN FRANCISCO INTERNATIONAL AIRPORT, CA US","2023-04-18","54","59","47"
"USW00023234","SAN FRANCISCO INTERNATIONAL AIRPORT, CA US","2023-04-19","53","61","47"
"USW00023234","SAN FRANCISCO INTERNATIONAL AIRPORT, CA US","2023-04-20","55","66","47"
"USW00023234","SAN FRANCISCO INTERNATIONAL AIRPORT, CA US","2023-04-21","58","72","51"
"USW00023234","SAN FRANCISCO INTERNATIONAL AIRPORT, CA US","2023-04-22","59","69","51"
"USW00023234","SAN FRANCISCO INTERNATIONAL AIRPORT, CA US","2023-04-23","57","61","51"
"USW00023234","SAN FRANCISCO INTERNATIONAL AIRPORT, CA US","2023-04-24","55","62","50"
"USW00023234","SAN FRANCISCO INTERNATIONAL AIRPORT, CA US","2023-04-25","56","77","48"
"USW00023234","SAN FRANCISCO INTERNATIONAL AIRPORT, CA US","2023-04-26","58","77","50"
"USW00023234","SAN FRANCISCO INTERNATIONAL AIRPORT, CA US","2023-04-27","60","83","50"
"USW00023234","SAN FRANCISCO INTERNATIONAL AIRPORT, CA US","2023-04-28","60","67","51"
"USW00023234","SAN FRANCISCO INTERNATIONAL AIRPORT, CA US","2023-04-29","56","62","51"
"USW00023234","SAN FRANCISCO INTERNATIONAL AIRPORT, CA US","2023-04-30","55","61","51"
"USW00023234","SAN FRANCISCO INTERNATIONAL AIRPORT, CA US","2023-05-01","55","59","52"
"USW00023234","SAN FRANCISCO INTERNATIONAL AIRPORT, CA US","2023-05-02","53","58","50"
"USW00023234","SAN FRANCISCO INTERNATIONAL AIRPORT, CA US","2023-05-03","55","60","51"
"USW00023234","SAN FRANCISCO INTERNATIONAL AIRPORT, CA US","2023-05-04","54","60","51"
"USW00023234","SAN FRANCISCO INTERNATIONAL AIRPORT, CA US","2023-05-05","56","61","53"
"USW00023234","SAN FRANCISCO INTERNATIONAL AIRPORT, CA US","2023-05-06","57","63","53"
"USW00023234","SAN FRANCISCO INTERNATIONAL AIRPORT, CA US","2023-05-07","57","65","50"
"USW00023234","SAN FRANCISCO INTERNATIONAL AIRPORT, CA US","2023-05-08","57","65","52"
"USW00023234","SAN FRANCISCO INTERNATIONAL AIRPORT, CA US","2023-05-09","58","65","53"
"USW00023234","SAN FRANCISCO INTERNATIONAL AIRPORT, CA US","2023-05-10","57","62","54"
"USW00023234","SAN FRANCISCO INTERNATIONAL AIRPORT, CA US","2023-05-11","58","63","54"
"USW00023234","SAN FRANCISCO INTERNATIONAL AIRPORT, CA US","2023-05-12","58","69","53"
"USW00023234","SAN FRANCISCO INTERNATIONAL AIRPORT, CA US","2023-05-13","59","82","53"
"USW00023234","SAN FRANCISCO INTERNATIONAL AIRPORT, CA US","2023-05-14","62","72","53"
"USW00023234","SAN FRANCISCO INTERNATIONAL AIRPORT, CA US","2023-05-15","62","68","55"
"USW00023234","SAN FRANCISCO INTERNATIONAL AIRPORT, CA US","2023-05-16","60","72","54"
"USW00023234","SAN FRANCISCO INTERNATIONAL AIRPORT, CA US","2023-05-17","58","64","53"
"USW00023234","SAN FRANCISCO INTERNATIONAL AIRPORT, CA US","2023-05-18","58","64","54"
"USW00023234","SAN FRANCISCO INTERNATIONAL AIRPORT, CA US","2023-05-19","58","64","55"
"USW00023234","SAN FRANCISCO INTERNATIONAL AIRPORT, CA US","2023-05-20","57","63","54"
"USW00023234","SAN FRANCISCO INTERNATIONAL AIRPORT, CA US","2023-05-21","59","68","54"
"USW00023234","SAN FRANCISCO INTERNATIONAL AIRPORT, CA US","2023-05-22","59","71","52"
"USW00023234","SAN FRANCISCO INTERNATIONAL AIRPORT, CA US","2023-05-23","59","67","54"
"USW00023234","SAN FRANCISCO INTERNATIONAL AIRPORT, CA US","2023-05-24","58","66","54"
"USW00023234","SAN FRANCISCO INTERNATIONAL AIRPORT, CA US","2023-05-25","58","65","54"
"USW00023234","SAN FRANCISCO INTERNATIONAL AIRPORT, CA US","2023-05-26","59","66","55"
"USW00023234","SAN FRANCISCO INTERNATIONAL AIRPORT, CA US","2023-05-27","59","68","54"
"USW00023234","SAN FRANCISCO INTERNATIONAL AIRPORT, CA US","2023-05-28","57","61","55"
"USW00023234","SAN FRANCISCO INTERNATIONAL AIRPORT, CA US","2023-05-29","59","68","55"
"USW00023234","SAN FRANCISCO INTERNATIONAL AIRPORT, CA US","2023-05-30","61","67","56"
"USW00023234","SAN FRANCISCO INTERNATIONAL AIRPORT, CA US","2023-05-31","58","65","54"
"USW00023234","SAN FRANCISCO INTERNATIONAL AIRPORT, CA US","2023-06-01","59","68","54"
"USW00023234","SAN FRANCISCO INTERNATIONAL AIRPORT, CA US","2023-06-02","59","68","52"
"USW00023234","SAN FRANCISCO INTERNATIONAL AIRPORT, CA US","2023-06-03","59","71","52"
"USW00023234","SAN FRANCISCO INTERNATIONAL AIRPORT, CA US","2023-06-04","60","69","53"
"USW00023234","SAN FRANCISCO INTERNATIONAL AIRPORT, CA US","2023-06-05","60","70","54"
"USW00023234","SAN FRANCISCO INTERNATIONAL AIRPORT, CA US","2023-06-06","62","69","60"
"USW00023234","SAN FRANCISCO INTERNATIONAL AIRPORT, CA US","2023-06-07","63","70","58"
"USW00023234","SAN FRANCISCO INTERNATIONAL AIRPORT, CA US","2023-06-08","63","70","57"
"USW00023234","SAN FRANCISCO INTERNATIONAL AIRPORT, CA US","2023-06-09","61","66","56"
"USW00023234","SAN FRANCISCO INTERNATIONAL AIRPORT, CA US","2023-06-10","59","70","55"
"USW00023234","SAN FRANCISCO INTERNATIONAL AIRPORT, CA US","2023-06-11","60","70","55"
"USW00023234","SAN FRANCISCO INTERNATIONAL AIRPORT, CA US","2023-06-12","62","70","57"
"USW00023234","SAN FRANCISCO INTERNATIONAL AIRPORT, CA US","2023-06-13","62","70","57"
"USW00023234","SAN FRANCISCO INTERNATIONAL AIRPORT, CA US","2023-06-14","62","71","57"
"USW00023234","SAN FRANCISCO INTERNATIONAL AIRPORT, CA US","2023-06-15","62","75","56"
"USW00023234","SAN FRANCISCO INTERNATIONAL AIRPORT, CA US","2023-06-16","63","73","57"
"USW00023234","SAN FRANCISCO INTERNATIONAL AIRPORT, CA US","2023-06-17","63","72","58"
"USW00023234","SAN FRANCISCO INTERNATIONAL AIRPORT, CA US","2023-06-18","62","69","57"
"USW00023234","SAN FRANCISCO INTERNATIONAL AIRPORT, CA US","2023-06-19","60","66","55"
"USW00023234","SAN FRANCISCO INTERNATIONAL AIRPORT, CA US","2023-06-20","60","69","53"
"USW00023234","SAN FRANCISCO INTERNATIONAL AIRPORT, CA US","2023-06-21","59","68","53"
"USW00023234","SAN FRANCISCO INTERNATIONAL AIRPORT, CA US","2023-06-22","59","69","54"
"USW00023234","SAN FRANCISCO INTERNATIONAL AIRPORT, CA US","2023-06-23","61","68","58"
"USW00023234","SAN FRANCISCO INTERNATIONAL AIRPORT, CA US","2023-06-24","60","67","57"
"USW00023234","SAN FRANCISCO INTERNATIONAL AIRPORT, CA US","2023-06-25","60","65","55"
"USW00023234","SAN FRANCISCO INTERNATIONAL AIRPORT, CA US","2023-06-26","58","65","55"
"USW00023234","SAN FRANCISCO INTERNATIONAL AIRPORT, CA US","2023-06-27","57","65","54"
"USW00023234","SAN FRANCISCO INTERNATIONAL AIRPORT, CA US","2023-06-28","57","65","54"
"USW00023234","SAN FRANCISCO INTERNATIONAL AIRPORT, CA US","2023-06-29","60","71","54"
"USW00023234","SAN FRANCISCO INTERNATIONAL AIRPORT, CA US","2023-06-30","60","71","54"
"USW00023234","SAN FRANCISCO INTERNATIONAL AIRPORT, CA US","2023-07-01","62","81","54"
"USW00023234","SAN FRANCISCO INTERNATIONAL AIRPORT, CA US","2023-07-02","70","81","60"
"USW00023234","SAN FRANCISCO INTERNATIONAL AIRPORT, CA US","2023-07-03","66","73","58"
"USW00023234","SAN FRANCISCO INTERNATIONAL AIRPORT, CA US","2023-07-04","62","71","56"
"USW00023234","SAN FRANCISCO INTERNATIONAL AIRPORT, CA US","2023-07-05","62","73","56"
"USW00023234","SAN FRANCISCO INTERNATIONAL AIRPORT, CA US","2023-07-06","62","68","58"
"USW00023234","SAN FRANCISCO INTERNATIONAL AIRPORT, CA US","2023-07-07","59","63","55"
"USW00023234","SAN FRANCISCO INTERNATIONAL AIRPORT, CA US","2023-07-08","59","66","55"
"USW00023234","SAN FRANCISCO INTERNATIONAL AIRPORT, CA US","2023-07-09","58","64","55"
"USW00023234","SAN FRANCISCO INTERNATIONAL AIRPORT, CA US","2023-07-10","59","66","54"
"USW00023234","SAN FRANCISCO INTERNATIONAL AIRPORT, CA US","2023-07-11","60","71","54"
"USW00023234","SAN FRANCISCO INTERNATIONAL AIRPORT, CA US","2023-07-12","59","66","55"
"USW00023234","SAN FRANCISCO INTERNATIONAL AIRPORT, CA US","2023-07-13","60","73","54"
"USW00023234","SAN FRANCISCO INTERNATIONAL AIRPORT, CA US","2023-07-14","62","76","55"
"USW00023234","SAN FRANCISCO INTERNATIONAL AIRPORT, CA US","2023-07-15","62","79","56"
"USW00023234","SAN FRANCISCO INTERNATIONAL AIRPORT, CA US","2023-07-16","64","75","57"
"USW00023234","SAN FRANCISCO INTERNATIONAL AIRPORT, CA US","2023-07-17","65","75","60"
"USW00023234","SAN FRANCISCO INTERNATIONAL AIRPORT, CA US","2023-07-18","63","70","57"
"USW00023234","SAN FRANCISCO INTERNATIONAL AIRPORT, CA US","2023-07-19","61","70","57"
"USW00023234","SAN FRANCISCO INTERNATIONAL AIRPORT, CA US","2023-07-20","62","73","55"
"USW00023234","SAN FRANCISCO INTERNATIONAL AIRPORT, CA US","2023-07-21","62","73","56"
"USW00023234","SAN FRANCISCO INTERNATIONAL AIRPORT, CA US","2023-07-22","64","79","55"
"USW00023234","SAN FRANCISCO INTERNATIONAL AIRPORT, CA US","2023-07-23","64","70","60"
"USW00023234","SAN FRANCISCO INTERNATIONAL AIRPORT, CA US","2023-07-24","63","70","56"
"USW00023234","SAN FRANCISCO INTERNATIONAL AIRPORT, CA US","2023-07-25","63","76","57"
"USW00023234","SAN FRANCISCO INTERNATIONAL AIRPORT, CA US","2023-07-26","64","70","58"
"USW00023234","SAN FRANCISCO INTERNATIONAL AIRPORT, CA US","2023-07-27","62","69","57"
"USW00023234","SAN FRANCISCO INTERNATIONAL AIRPORT, CA US","2023-07-28","62","72","56"
"USW00023234","SAN FRANCISCO INTERNATIONAL AIRPORT, CA US","2023-07-29","63","71","56"
"USW00023234","SAN FRANCISCO INTERNATIONAL AIRPORT, CA US","2023-07-30","62","74","56"
"USW00023234","SAN FRANCISCO INTERNATIONAL AIRPORT, CA US","2023-07-31","63","70","57"
"USW00023234","SAN FRANCISCO INTERNATIONAL AIRPORT, CA US","2023-08-01","63","72","58"
"USW00023234","SAN FRANCISCO INTERNATIONAL AIRPORT, CA US","2023-08-02","62","67","58"
"USW00023234","SAN FRANCISCO INTERNATIONAL AIRPORT, CA US","2023-08-03","62","67","58"
"USW00023234","SAN FRANCISCO INTERNATIONAL AIRPORT, CA US","2023-08-04","62","71","58"
"USW00023234","SAN FRANCISCO INTERNATIONAL AIRPORT, CA US","2023-08-05","63","75","57"
"USW00023234","SAN FRANCISCO INTERNATIONAL AIRPORT, CA US","2023-08-06","65","77","57"
"USW00023234","SAN FRANCISCO INTERNATIONAL AIRPORT, CA US","2023-08-07","67","80","59"
"USW00023234","SAN FRANCISCO INTERNATIONAL AIRPORT, CA US","2023-08-08","64","75","57"
"USW00023234","SAN FRANCISCO INTERNATIONAL AIRPORT, CA US","2023-08-09","65","75","58"
"USW00023234","SAN FRANCISCO INTERNATIONAL AIRPORT, CA US","2023-08-10","65","81","59"
"USW00023234","SAN FRANCISCO INTERNATIONAL AIRPORT, CA US","2023-08-11","67","78","62"
"USW00023234","SAN FRANCISCO INTERNATIONAL AIRPORT, CA US","2023-08-12","66","75","59"
"USW00023234","SAN FRANCISCO INTERNATIONAL AIRPORT, CA US","2023-08-13","65","78","58"
"USW00023234","SAN FRANCISCO INTERNATIONAL AIRPORT, CA US","2023-08-14","66","74","60"
"USW00023234","SAN FRANCISCO INTERNATIONAL AIRPORT, CA US","2023-08-15","67","80","59"
"USW00023234","SAN FRANCISCO INTERNATIONAL AIRPORT, CA US","2023-08-16","66","77","60"
"USW00023234","SAN FRANCISCO INTERNATIONAL AIRPORT, CA US","2023-08-17","66","75","60"
"USW00023234","SAN FRANCISCO INTERNATIONAL AIRPORT, CA US","2023-08-18","68","80","63"
"USW00023234","SAN FRANCISCO INTERNATIONAL AIRPORT, CA US","2023-08-19","67","77","62"
"USW00023234","SAN FRANCISCO INTERNATIONAL AIRPORT, CA US","2023-08-20","68","89","61"
"USW00023234","SAN FRANCISCO INTERNATIONAL AIRPORT, CA US","2023-08-21","70","75","63"
"USW00023234","SAN FRANCISCO INTERNATIONAL AIRPORT, CA US","2023-08-22","71","78","64"
"USW00023234","SAN FRANCISCO INTERNATIONAL AIRPORT, CA US","2023-08-23","70","89","63"
"USW00023234","SAN FRANCISCO INTERNATIONAL AIRPORT, CA US","2023-08-24","74","82","64"
"USW00023234","SAN FRANCISCO INTERNATIONAL AIRPORT, CA US","2023-08-25","68","72","61"
"USW00023234","SAN FRANCISCO INTERNATIONAL AIRPORT, CA US","2023-08-26","63","69","59"
"USW00023234","SAN FRANCISCO INTERNATIONAL AIRPORT, CA US","2023-08-27","63","70","58"
"USW00023234","SAN FRANCISCO INTERNATIONAL AIRPORT, CA US","2023-08-28","65","74","59"
"USW00023234","SAN FRANCISCO INTERNATIONAL AIRPORT, CA US","2023-08-29","65","76","58"
"USW00023234","SAN FRANCISCO INTERNATIONAL AIRPORT, CA US","2023-08-30","70","91","61"
"USW00023234","SAN FRANCISCO INTERNATIONAL AIRPORT, CA US","2023-08-31","68","76","59"
"USW00023234","SAN FRANCISCO INTERNATIONAL AIRPORT, CA US","2023-09-01","65","71","60"
"USW00023234","SAN FRANCISCO INTERNATIONAL AIRPORT, CA US","2023-09-02","67","74","63"
"USW00023234","SAN FRANCISCO INTERNATIONAL AIRPORT, CA US","2023-09-03","67","75","61"
"USW00023234","SAN FRANCISCO INTERNATIONAL AIRPORT, CA US","2023-09-04","65","70","59"
"USW00023234","SAN FRANCISCO INTERNATIONAL AIRPORT, CA US","2023-09-05","65","75","58"
"USW00023234","SAN FRANCISCO INTERNATIONAL AIRPORT, CA US","2023-09-06","64","76","57"
"USW00023234","SAN FRANCISCO INTERNATIONAL AIRPORT, CA US","2023-09-07","65","71","58"
"USW00023234","SAN FRANCISCO INTERNATIONAL AIRPORT, CA US","2023-09-08","63","76","57"
"USW00023234","SAN FRANCISCO INTERNATIONAL AIRPORT, CA US","2023-09-09","63","74","57"
"USW00023234","SAN FRANCISCO INTERNATIONAL AIRPORT, CA US","2023-09-10","62","74","55"
"USW00023234","SAN FRANCISCO INTERNATIONAL AIRPORT, CA US","2023-09-11","65","72","59"
"USW00023234","SAN FRANCISCO INTERNATIONAL AIRPORT, CA US","2023-09-12","65","74","60"
"USW00023234","SAN FRANCISCO INTERNATIONAL AIRPORT, CA US","2023-09-13","64","74","58"
"USW00023234","SAN FRANCISCO INTERNATIONAL AIRPORT, CA US","2023-09-14","63","74","58"
"USW00023234","SAN FRANCISCO INTERNATIONAL AIRPORT, CA US","2023-09-15","65","73","61"
"USW00023234","SAN FRANCISCO INTERNATIONAL AIRPORT, CA US","2023-09-16","66","73","63"
"USW00023234","SAN FRANCISCO INTERNATIONAL AIRPORT, CA US","2023-09-17","67","75","61"
"USW00023234","SAN FRANCISCO INTERNATIONAL AIRPORT, CA US","2023-09-18","67","74","61"
"USW00023234","SAN FRANCISCO INTERNATIONAL AIRPORT, CA US","2023-09-19","65","73","60"
"USW00023234","SAN FRANCISCO INTERNATIONAL AIRPORT, CA US","2023-09-20","63","73","58"
"USW00023234","SAN FRANCISCO INTERNATIONAL AIRPORT, CA US","2023-09-21","64","74","57"
"USW00023234","SAN FRANCISCO INTERNATIONAL AIRPORT, CA US","2023-09-22","64","70","57"
"USW00023234","SAN FRANCISCO INTERNATIONAL AIRPORT, CA US","2023-09-23","62","70","55"
"USW00023234","SAN FRANCISCO INTERNATIONAL AIRPORT, CA US","2023-09-24","62","73","55"
"USW00023234","SAN FRANCISCO INTERNATIONAL AIRPORT, CA US","2023-09-25","66","77","59"
"USW00023234","SAN FRANCISCO INTERNATIONAL AIRPORT, CA US","2023-09-26","70","77","63"
"USW00023234","SAN FRANCISCO INTERNATIONAL AIRPORT, CA US","2023-09-27","67","76","61"
"USW00023234","SAN FRANCISCO INTERNATIONAL AIRPORT, CA US","2023-09-28","65","74","58"
"USW00023234","SAN FRANCISCO INTERNATIONAL AIRPORT, CA US","2023-09-29","64","70","60"
"USW00023234","SAN FRANCISCO INTERNATIONAL AIRPORT, CA US","2023-09-30","63","67","58"
"USW00023234","SAN FRANCISCO INTERNATIONAL AIRPORT, CA US","2023-10-01","63","74","57"
"USW00023234","SAN FRANCISCO INTERNATIONAL AIRPORT, CA US","2023-10-02","61","74","55"
"USW00023234","SAN FRANCISCO INTERNATIONAL AIRPORT, CA US","2023-10-03","62","75","55"
"USW00023234","SAN FRANCISCO INTERNATIONAL AIRPORT, CA US","2023-10-04","70","90","61"
"USW00023234","SAN FRANCISCO INTERNATIONAL AIRPORT, CA US","2023-10-05","76","92","65"
"USW00023234","SAN FRANCISCO INTERNATIONAL AIRPORT, CA US","2023-10-06","77","92","66"
"USW00023234","SAN FRANCISCO INTERNATIONAL AIRPORT, CA US","2023-10-07","76","91","63"
"USW00023234","SAN FRANCISCO INTERNATIONAL AIRPORT, CA US","2023-10-08","65","69","58"
"USW00023234","SAN FRANCISCO INTERNATIONAL AIRPORT, CA US","2023-10-09","62","74","57"
"USW00023234","SAN FRANCISCO INTERNATIONAL AIRPORT, CA US","2023-10-10","67","73","60"
"USW00023234","SAN FRANCISCO INTERNATIONAL AIRPORT, CA US","2023-10-11","65","71","59"
"USW00023234","SAN FRANCISCO INTERNATIONAL AIRPORT, CA US","2023-10-12","63","77","55"
"USW00023234","SAN FRANCISCO INTERNATIONAL AIRPORT, CA US","2023-10-13","64","74","55"
"USW00023234","SAN FRANCISCO INTERNATIONAL AIRPORT, CA US","2023-10-14","66","74","61"
"USW00023234","SAN FRANCISCO INTERNATIONAL AIRPORT, CA US","2023-10-15","66","77","57"
"USW00023234","SAN FRANCISCO INTERNATIONAL AIRPORT, CA US","2023-10-16","63","76","56"
"USW00023234","SAN FRANCISCO INTERNATIONAL AIRPORT, CA US","2023-10-17","66","77","59"
"USW00023234","SAN FRANCISCO INTERNATIONAL AIRPORT, CA US","2023-10-18","65","86","58"
"USW00023234","SAN FRANCISCO INTERNATIONAL AIRPORT, CA US","2023-10-19","72","88","61"
"USW00023234","SAN FRANCISCO INTERNATIONAL AIRPORT, CA US","2023-10-20","66","73","60"
"USW00023234","SAN FRANCISCO INTERNATIONAL AIRPORT, CA US","2023-10-21","64","72","57"
"USW00023234","SAN FRANCISCO INTERNATIONAL AIRPORT, CA US","2023-10-22","65","70","62"
"USW00023234","SAN FRANCISCO INTERNATIONAL AIRPORT, CA US","2023-10-23","65","72","60"
"USW00023234","SAN FRANCISCO INTERNATIONAL AIRPORT, CA US","2023-10-24","62","71","57"
"USW00023234","SAN FRANCISCO INTERNATIONAL AIRPORT, CA US","2023-10-25","61","68","58"
"USW00023234","SAN FRANCISCO INTERNATIONAL AIRPORT, CA US","2023-10-26","59","67","50"
"USW00023234","SAN FRANCISCO INTERNATIONAL AIRPORT, CA US","2023-10-27","57","65","50"
"USW00023234","SAN FRANCISCO INTERNATIONAL AIRPORT, CA US","2023-10-28","58","70","49"
"USW00023234","SAN FRANCISCO INTERNATIONAL AIRPORT, CA US","2023-10-29","63","74","50"
"USW00023234","SAN FRANCISCO INTERNATIONAL AIRPORT, CA US","2023-10-30","60","74","50"
"USW00023234","SAN FRANCISCO INTERNATIONAL AIRPORT, CA US","2023-10-31","60","74","50"
"USW00023234","SAN FRANCISCO INTERNATIONAL AIRPORT, CA US","2023-11-01","61","73","50"
"USW00023234","SAN FRANCISCO INTERNATIONAL AIRPORT, CA US","2023-11-02","63","76","54"
"USW00023234","SAN FRANCISCO INTERNATIONAL AIRPORT, CA US","2023-11-03","66","79","58"
"USW00023234","SAN FRANCISCO INTERNATIONAL AIRPORT, CA US","2023-11-04","66","75","59"
"USW00023234","SAN FRANCISCO INTERNATIONAL AIRPORT, CA US","2023-11-05","63","72","59"
"USW00023234","SAN FRANCISCO INTERNATIONAL AIRPORT, CA US","2023-11-06","66","70","60"
"USW00023234","SAN FRANCISCO INTERNATIONAL AIRPORT, CA US","2023-11-07","62","66","57"
"USW00023234","SAN FRANCISCO INTERNATIONAL AIRPORT, CA US","2023-11-08","59","75","50"
"USW00023234","SAN FRANCISCO INTERNATIONAL AIRPORT, CA US","2023-11-09","57","66","48"
"USW00023234","SAN FRANCISCO INTERNATIONAL AIRPORT, CA US","2023-11-10","57","71","49"
"USW00023234","SAN FRANCISCO INTERNATIONAL AIRPORT, CA US","2023-11-11","60","71","51"
"USW00023234","SAN FRANCISCO INTERNATIONAL AIRPORT, CA US","2023-11-12","60","70","51"
"USW00023234","SAN FRANCISCO INTERNATIONAL AIRPORT, CA US","2023-11-13","60","67","52"
"USW00023234","SAN FRANCISCO INTERNATIONAL AIRPORT, CA US","2023-11-14","62","73","56"
"USW00023234","SAN FRANCISCO INTERNATIONAL AIRPORT, CA US","2023-11-15","62","68","58"
"USW00023234","SAN FRANCISCO INTERNATIONAL AIRPORT, CA US","2023-11-16","62","69","58"
"USW00023234","SAN FRANCISCO INTERNATIONAL AIRPORT, CA US","2023-11-17","62","65","57"
"USW00023234","SAN FRANCISCO INTERNATIONAL AIRPORT, CA US","2023-11-18","62","65","56"
"USW00023234","SAN FRANCISCO INTERNATIONAL AIRPORT, CA US","2023-11-19","58","63","51"
"USW00023234","SAN FRANCISCO INTERNATIONAL AIRPORT, CA US","2023-11-20","59","69","52"
"USW00023234","SAN FRANCISCO INTERNATIONAL AIRPORT, CA US","2023-11-21","57","64","48"
"USW00023234","SAN FRANCISCO INTERNATIONAL AIRPORT, CA US","2023-11-22","56","67","48"
"USW00023234","SAN FRANCISCO INTERNATIONAL AIRPORT, CA US","2023-11-23","60","70","52"
"USW00023234","SAN FRANCISCO INTERNATIONAL AIRPORT, CA US","2023-11-24","59","63","52"
"USW00023234","SAN FRANCISCO INTERNATIONAL AIRPORT, CA US","2023-11-25","55","64","47"
"USW00023234","SAN FRANCISCO INTERNATIONAL AIRPORT, CA US","2023-11-26","55","62","46"
"USW00023234","SAN FRANCISCO INTERNATIONAL AIRPORT, CA US","2023-11-27","53","65","45"
"USW00023234","SAN FRANCISCO INTERNATIONAL AIRPORT, CA US","2023-11-28","54","62","45"
"USW00023234","SAN FRANCISCO INTERNATIONAL AIRPORT, CA US","2023-11-29","57","63","53"
"USW00023234","SAN FRANCISCO INTERNATIONAL AIRPORT, CA US","2023-11-30","58","63","53"
"USW00023234","SAN FRANCISCO INTERNATIONAL AIRPORT, CA US","2023-12-01","56","62","49"
"USW00023234","SAN FRANCISCO INTERNATIONAL AIRPORT, CA US","2023-12-02","58","64","55"
"USW00023234","SAN FRANCISCO INTERNATIONAL AIRPORT, CA US","2023-12-03","59","65","56"
"USW00023234","SAN FRANCISCO INTERNATIONAL AIRPORT, CA US","2023-12-04","57","63","51"
"USW00023234","SAN FRANCISCO INTERNATIONAL AIRPORT, CA US","2023-12-05","56","66","52"
"USW00023234","SAN FRANCISCO INTERNATIONAL AIRPORT, CA US","2023-12-06","58","64","49"
"USW00023234","SAN FRANCISCO INTERNATIONAL AIRPORT, CA US","2023-12-07","57","63","49"
"USW00023234","SAN FRANCISCO INTERNATIONAL AIRPORT, CA US","2023-12-08","52","59","44"
"USW00023234","SAN FRANCISCO INTERNATIONAL AIRPORT, CA US","2023-12-09","53","61","43"
"USW00023234","SAN FRANCISCO INTERNATIONAL AIRPORT, CA US","2023-12-10","52","59","45"
"USW00023234","SAN FRANCISCO INTERNATIONAL AIRPORT, CA US","2023-12-11","52","63","44"
"USW00023234","SAN FRANCISCO INTERNATIONAL AIRPORT, CA US","2023-12-12","57","61","51"
"USW00023234","SAN FRANCISCO INTERNATIONAL AIRPORT, CA US","2023-12-13","54","63","47"
"USW00023234","SAN FRANCISCO INTERNATIONAL AIRPORT, CA US","2023-12-14","54","60","46"
"USW00023234","SAN FRANCISCO INTERNATIONAL AIRPORT, CA US","2023-12-15","54","63","48"
"USW00023234","SAN FRANCISCO INTERNATIONAL AIRPORT, CA US","2023-12-16","55","64","46"
"USW00023234","SAN FRANCISCO INTERNATIONAL AIRPORT, CA US","2023-12-17","56","59","51"
"USW00023234","SAN FRANCISCO INTERNATIONAL AIRPORT, CA US","2023-12-18","56","64","53"
"USW00023234","SAN FRANCISCO INTERNATIONAL AIRPORT, CA US","2023-12-19","62","65","59"
"USW00023234","SAN FRANCISCO INTERNATIONAL AIRPORT, CA US","2023-12-20","59","60","55"
"USW00023234","SAN FRANCISCO INTERNATIONAL AIRPORT, CA US","2023-12-21","58","62","53"
"USW00023234","SAN FRANCISCO INTERNATIONAL AIRPORT, CA US","2023-12-22","57","63","53"
"USW00023234","SAN FRANCISCO INTERNATIONAL AIRPORT, CA US","2023-12-23","54","62","47"
"USW00023234","SAN FRANCISCO INTERNATIONAL AIRPORT, CA US","2023-12-24","51","57","44"
"USW00023234","SAN FRANCISCO INTERNATIONAL AIRPORT, CA US","2023-12-25","51","60","45"
"USW00023234","SAN FRANCISCO INTERNATIONAL AIRPORT, CA US","2023-12-26","53","58","48"
"USW00023234","SAN FRANCISCO INTERNATIONAL AIRPORT, CA US","2023-12-27","57","61","53"
"USW00023234","SAN FRANCISCO INTERNATIONAL AIRPORT, CA US","2023-12-28","58","63","56"
"USW00023234","SAN FRANCISCO INTERNATIONAL AIRPORT, CA US","2023-12-29","60","65","56"
"USW00023234","SAN FRANCISCO INTERNATIONAL AIRPORT, CA US","2023-12-30","57","62","52"
"USW00023234","SAN FRANCISCO INTERNATIONAL AIRPORT, CA US","2023-12-31","54","58","49"
